{"cameraMode":{"drawMode":0,"name":"Shaded","section":"Shading Mode"},"sceneLighting":true,"audioPlay":false,"sceneViewState":{"m_AlwaysRefresh":false,"showFog":true,"showSkybox":true,"showFlares":true,"showImageEffects":true,"showParticleSystems":true,"showVisualEffectGraphs":true,"m_FxEnabled":true},"in2DMode":false,"pivot":{"x":-9.735769271850586,"y":2.326012372970581,"z":-5.701271057128906},"rotation":{"x":0.012225103564560414,"y":0.5793414115905762,"z":-0.008690763264894486,"w":0.8149473071098328},"size":1.2448139190673829,"orthographic":false}