{"cameraMode":{"drawMode":0,"name":"Shaded","section":"Shading Mode"},"sceneLighting":true,"audioPlay":false,"sceneViewState":{"m_AlwaysRefresh":false,"showFog":true,"showSkybox":true,"showFlares":true,"showImageEffects":true,"showParticleSystems":true,"showVisualEffectGraphs":true,"m_FxEnabled":true},"in2DMode":false,"pivot":{"x":82.97041320800781,"y":29.395915985107423,"z":40.769615173339847},"rotation":{"x":0.3626568615436554,"y":-0.46268782019615176,"z":0.21519845724105836,"w":0.7798248529434204},"size":13.805652618408204,"orthographic":false}