{"cameraMode":{"drawMode":0,"name":"Shaded","section":"Shading Mode"},"sceneLighting":true,"audioPlay":false,"sceneViewState":{"m_AlwaysRefresh":false,"showFog":true,"showSkybox":true,"showFlares":true,"showImageEffects":true,"showParticleSystems":true,"showVisualEffectGraphs":true,"m_FxEnabled":true},"in2DMode":false,"pivot":{"x":-6.728215217590332,"y":1.2450008392333985,"z":-0.15710830688476563},"rotation":{"x":-0.043995022773742679,"y":0.8850809335708618,"z":-0.08550619333982468,"w":-0.4553949236869812},"size":12.694751739501954,"orthographic":false}